bid,zz
UntbR8C0Mxsfd-hNBZXO-w,5.0
UntbR8C0Mxsfd-hNBZXO-w,5.0
UntbR8C0Mxsfd-hNBZXO-w,4.5
UntbR8C0Mxsfd-hNBZXO-w,4.5
jYnEPopX6gLlkoIRnWX7VQ,5.0
jYnEPopX6gLlkoIRnWX7VQ,5.0
jYnEPopX6gLlkoIRnWX7VQ,5.0
s44fonP-M6Gzh7goJi559w,4.5
s44fonP-M6Gzh7goJi559w,4.5
s44fonP-M6Gzh7goJi559w,4.0
D6z9UcJCJGhjTA68itWuBA,5.0
D6z9UcJCJGhjTA68itWuBA,4.5
D6z9UcJCJGhjTA68itWuBA,5.0
D6z9UcJCJGhjTA68itWuBA,5.0
D6z9UcJCJGhjTA68itWuBA,5.0
D6z9UcJCJGhjTA68itWuBA,4.5
D6z9UcJCJGhjTA68itWuBA,5.0
D6z9UcJCJGhjTA68itWuBA,5.0
D6z9UcJCJGhjTA68itWuBA,5.0
D6z9UcJCJGhjTA68itWuBA,5.0
D6z9UcJCJGhjTA68itWuBA,5.0
D6z9UcJCJGhjTA68itWuBA,5.0
D6z9UcJCJGhjTA68itWuBA,5.0
D6z9UcJCJGhjTA68itWuBA,5.0
D6z9UcJCJGhjTA68itWuBA,5.0
D6z9UcJCJGhjTA68itWuBA,5.0
D6z9UcJCJGhjTA68itWuBA,5.0
D6z9UcJCJGhjTA68itWuBA,5.0
Xp2Owe_MZcRiCFZJuyarVg,3.0
Xp2Owe_MZcRiCFZJuyarVg,5.0
Xp2Owe_MZcRiCFZJuyarVg,5.0
Xp2Owe_MZcRiCFZJuyarVg,5.0
Xp2Owe_MZcRiCFZJuyarVg,5.0
Xp2Owe_MZcRiCFZJuyarVg,5.0
Xp2Owe_MZcRiCFZJuyarVg,5.0
Xp2Owe_MZcRiCFZJuyarVg,5.0
8d8QHAktYg8Q2C3ZpAhwvQ,5.0
8d8QHAktYg8Q2C3ZpAhwvQ,5.0
8d8QHAktYg8Q2C3ZpAhwvQ,3.0
8d8QHAktYg8Q2C3ZpAhwvQ,4.5
8d8QHAktYg8Q2C3ZpAhwvQ,4.0
8d8QHAktYg8Q2C3ZpAhwvQ,5.0
8d8QHAktYg8Q2C3ZpAhwvQ,5.0
8d8QHAktYg8Q2C3ZpAhwvQ,5.0
8d8QHAktYg8Q2C3ZpAhwvQ,3.5
8d8QHAktYg8Q2C3ZpAhwvQ,5.0
8d8QHAktYg8Q2C3ZpAhwvQ,5.0
8d8QHAktYg8Q2C3ZpAhwvQ,5.0
8d8QHAktYg8Q2C3ZpAhwvQ,3.0
8d8QHAktYg8Q2C3ZpAhwvQ,3.5
8d8QHAktYg8Q2C3ZpAhwvQ,5.0
